<?xml version="1.0" encoding="UTF-8"?>
<Scheme
   LastUpgradeVersion = "1400"
   version = "1.3">
   <BuildAction
      parallelizeBuildables = "YES"
      buildImplicitDependencies = "YES">
      <BuildActionEntries>
         <BuildActionEntry
            buildForTesting = "YES"
            buildForRunning = "YES"
            buildForProfiling = "YES"
            buildForArchiving = "YES"
            buildForAnalyzing = "YES">
            <BuildableReference
               BuildableIdentifier = "primary"
               BlueprintIdentifier = "E25B3876294CFDD3003DA7E1"
               BuildableName = "Bayti.app"
               BlueprintName = "Bayti"
               ReferencedContainer = "container:Bayti.xcodeproj">
            </BuildableReference>
         </BuildActionEntry>
      </BuildActionEntries>
   </BuildAction>
   <TestAction
      buildConfiguration = "Debug"
      selectedDebuggerIdentifier = "Xcode.DebuggerFoundation.Debugger.LLDB"
      selectedLauncherIdentifier = "Xcode.DebuggerFoundation.Launcher.LLDB"
      shouldUseLaunchSchemeArgsEnv = "YES">
      <Testables>
         <TestableReference
            skipped = "NO">
            <BuildableReference
               BuildableIdentifier = "primary"
               BlueprintIdentifier = "E25B388C294CFDD5003DA7E1"
               BuildableName = "BaytiTests.xctest"
               BlueprintName = "BaytiTests"
               ReferencedContainer = "container:Bayti.xcodeproj">
            </BuildableReference>
         </TestableReference>
         <TestableReference
            skipped = "NO">
            <BuildableReference
               BuildableIdentifier = "primary"
               BlueprintIdentifier = "E25B3896294CFDD5003DA7E1"
               BuildableName = "BaytiUITests.xctest"
               BlueprintName = "BaytiUITests"
               ReferencedContainer = "container:Bayti.xcodeproj">
            </BuildableReference>
         </TestableReference>
      </Testables>
   </TestAction>
   <LaunchAction
      buildConfiguration = "Debug"
      selectedDebuggerIdentifier = "Xcode.DebuggerFoundation.Debugger.LLDB"
      selectedLauncherIdentifier = "Xcode.DebuggerFoundation.Launcher.LLDB"
      language = "ar"
      launchStyle = "0"
      useCustomWorkingDirectory = "NO"
      ignoresPersistentStateOnLaunch = "NO"
      debugDocumentVersioning = "YES"
      debugServiceExtension = "internal"
      allowLocationSimulation = "YES">
      <BuildableProductRunnable
         runnableDebuggingMode = "0">
         <BuildableReference
            BuildableIdentifier = "primary"
            BlueprintIdentifier = "E25B3876294CFDD3003DA7E1"
            BuildableName = "Bayti.app"
            BlueprintName = "Bayti"
            ReferencedContainer = "container:Bayti.xcodeproj">
         </BuildableReference>
      </BuildableProductRunnable>
   </LaunchAction>
   <ProfileAction
      buildConfiguration = "Release"
      shouldUseLaunchSchemeArgsEnv = "YES"
      savedToolIdentifier = ""
      useCustomWorkingDirectory = "NO"
      debugDocumentVersioning = "YES">
      <BuildableProductRunnable
         runnableDebuggingMode = "0">
         <BuildableReference
            BuildableIdentifier = "primary"
            BlueprintIdentifier = "E25B3876294CFDD3003DA7E1"
            BuildableName = "Bayti.app"
            BlueprintName = "Bayti"
            ReferencedContainer = "container:Bayti.xcodeproj">
         </BuildableReference>
      </BuildableProductRunnable>
   </ProfileAction>
   <AnalyzeAction
      buildConfiguration = "Debug">
   </AnalyzeAction>
   <ArchiveAction
      buildConfiguration = "Release"
      revealArchiveInOrganizer = "YES">
   </ArchiveAction>
</Scheme>
